EmployeeID,EmployeeName,StoreID,Department,HireDate,ManagerID
1,Employee 0001,42,Customer Service,2020-10-22,
2,Employee 0002,6,Customer Service,2019-11-09,
3,Employee 0003,4,Management,2021-06-05,
4,Employee 0004,47,Operations,2022-10-25,
5,Employee 0005,42,Sales,2019-01-25,
6,Employee 0006,1,Operations,2023-05-08,
7,Employee 0007,5,Operations,2024-08-28,
8,Employee 0008,15,Management,2018-02-08,
9,Employee 0009,1,Customer Service,2019-05-09,
10,Employee 0010,28,Operations,2023-05-11,
11,Employee 0011,5,Operations,2022-04-19,
12,Employee 0012,6,Sales,2019-02-27,
13,Employee 0013,21,Customer Service,2021-05-10,
14,Employee 0014,9,Management,2019-06-30,
15,Employee 0015,42,Operations,2018-10-08,
16,Employee 0016,34,Sales,2024-11-04,
17,Employee 0017,42,Operations,2022-12-08,
18,Employee 0018,23,Operations,2019-09-13,
19,Employee 0019,27,Management,2020-06-08,
20,Employee 0020,6,Sales,2019-07-28,
21,Employee 0021,49,Sales,2024-08-11,
22,Employee 0022,47,Management,2021-12-10,
23,Employee 0023,28,Customer Service,2019-07-27,
24,Employee 0024,16,Customer Service,2018-12-12,
25,Employee 0025,16,Customer Service,2018-04-20,
26,Employee 0026,43,Customer Service,2020-04-21,
27,Employee 0027,34,Operations,2022-05-24,
28,Employee 0028,19,Sales,2020-09-07,
29,Employee 0029,32,Management,2019-04-07,
30,Employee 0030,16,Management,2024-08-29,
31,Employee 0031,5,Sales,2022-01-19,
32,Employee 0032,21,Operations,2022-05-04,
33,Employee 0033,37,Management,2022-02-05,
34,Employee 0034,35,Operations,2023-04-14,
35,Employee 0035,50,Sales,2018-03-10,
36,Employee 0036,38,Sales,2018-02-26,
37,Employee 0037,17,Operations,2018-06-13,
38,Employee 0038,4,Management,2023-09-07,
39,Employee 0039,19,Management,2022-10-01,
40,Employee 0040,45,Management,2018-12-04,
41,Employee 0041,41,Operations,2021-02-10,
42,Employee 0042,6,Customer Service,2018-11-20,
43,Employee 0043,33,Operations,2019-09-29,
44,Employee 0044,35,Customer Service,2022-05-20,
45,Employee 0045,38,Sales,2021-06-24,
46,Employee 0046,45,Management,2020-09-04,
47,Employee 0047,4,Operations,2018-12-20,
48,Employee 0048,28,Sales,2023-02-01,
49,Employee 0049,40,Sales,2021-06-20,
50,Employee 0050,43,Operations,2019-05-05,
51,Employee 0051,1,Operations,2018-02-16,
52,Employee 0052,11,Management,2021-11-21,
53,Employee 0053,34,Customer Service,2019-11-15,
54,Employee 0054,24,Operations,2021-01-05,
55,Employee 0055,47,Sales,2018-05-01,
56,Employee 0056,22,Management,2021-01-19,
57,Employee 0057,34,Sales,2020-12-13,
58,Employee 0058,46,Sales,2023-07-26,
59,Employee 0059,30,Customer Service,2018-08-16,
60,Employee 0060,32,Operations,2022-02-15,
61,Employee 0061,11,Customer Service,2019-02-26,
62,Employee 0062,37,Sales,2020-07-24,
63,Employee 0063,48,Sales,2018-06-30,
64,Employee 0064,1,Operations,2018-07-08,
65,Employee 0065,31,Customer Service,2022-04-18,
66,Employee 0066,10,Operations,2018-05-25,
67,Employee 0067,36,Management,2020-07-08,
68,Employee 0068,21,Operations,2022-09-01,
69,Employee 0069,47,Customer Service,2021-01-16,
70,Employee 0070,5,Customer Service,2019-05-05,
71,Employee 0071,33,Sales,2020-01-05,
72,Employee 0072,15,Sales,2022-07-01,
73,Employee 0073,5,Management,2021-03-02,
74,Employee 0074,50,Customer Service,2021-09-02,
75,Employee 0075,6,Management,2018-02-02,
76,Employee 0076,24,Operations,2021-04-09,
77,Employee 0077,37,Customer Service,2020-09-20,
78,Employee 0078,30,Customer Service,2024-08-20,
79,Employee 0079,32,Operations,2024-02-17,
80,Employee 0080,49,Operations,2019-09-09,
81,Employee 0081,1,Management,2018-04-08,
82,Employee 0082,15,Customer Service,2018-02-09,
83,Employee 0083,22,Sales,2022-03-22,
84,Employee 0084,48,Customer Service,2019-03-02,
85,Employee 0085,14,Operations,2022-09-16,
86,Employee 0086,32,Sales,2019-08-07,
87,Employee 0087,46,Customer Service,2019-01-17,
88,Employee 0088,3,Operations,2023-10-30,
89,Employee 0089,27,Customer Service,2023-02-21,
90,Employee 0090,48,Sales,2024-07-06,
91,Employee 0091,7,Operations,2022-06-04,
92,Employee 0092,5,Sales,2022-11-17,
93,Employee 0093,43,Operations,2020-08-27,
94,Employee 0094,19,Customer Service,2021-07-14,
95,Employee 0095,26,Customer Service,2021-07-26,
96,Employee 0096,29,Customer Service,2020-08-14,
97,Employee 0097,5,Operations,2019-07-12,
98,Employee 0098,50,Sales,2019-09-29,
99,Employee 0099,7,Operations,2023-01-16,
100,Employee 0100,30,Customer Service,2022-07-24,
101,Employee 0101,8,Customer Service,2020-04-30,
102,Employee 0102,29,Customer Service,2023-03-13,
103,Employee 0103,17,Sales,2019-01-06,
104,Employee 0104,11,Customer Service,2024-10-07,
105,Employee 0105,3,Operations,2021-09-04,
106,Employee 0106,10,Sales,2020-10-13,
107,Employee 0107,23,Management,2023-10-05,
108,Employee 0108,4,Customer Service,2020-12-01,
109,Employee 0109,12,Sales,2022-07-15,
110,Employee 0110,29,Operations,2019-01-23,
111,Employee 0111,30,Sales,2019-07-27,
112,Employee 0112,8,Sales,2018-09-10,
113,Employee 0113,50,Operations,2019-06-20,
114,Employee 0114,13,Management,2022-03-05,
115,Employee 0115,44,Sales,2024-07-13,
116,Employee 0116,38,Customer Service,2018-11-04,
117,Employee 0117,2,Sales,2020-03-20,
118,Employee 0118,42,Management,2019-06-12,
119,Employee 0119,6,Customer Service,2019-05-17,
120,Employee 0120,3,Management,2018-07-27,
121,Employee 0121,11,Management,2022-06-06,
122,Employee 0122,32,Sales,2022-04-17,
123,Employee 0123,44,Management,2019-12-09,
124,Employee 0124,23,Operations,2020-02-06,
125,Employee 0125,18,Customer Service,2023-01-01,
126,Employee 0126,10,Sales,2020-10-03,
127,Employee 0127,42,Customer Service,2023-08-06,
128,Employee 0128,27,Management,2018-09-07,
129,Employee 0129,6,Customer Service,2022-04-18,
130,Employee 0130,9,Management,2020-03-27,
131,Employee 0131,42,Operations,2024-02-05,
132,Employee 0132,2,Management,2022-01-10,
133,Employee 0133,31,Management,2021-11-10,
134,Employee 0134,37,Customer Service,2022-05-10,
135,Employee 0135,18,Operations,2018-04-17,
136,Employee 0136,21,Operations,2018-05-01,
137,Employee 0137,50,Customer Service,2018-08-28,
138,Employee 0138,31,Customer Service,2024-07-20,
139,Employee 0139,15,Operations,2019-02-15,
140,Employee 0140,16,Operations,2020-12-27,
141,Employee 0141,35,Sales,2020-06-17,
142,Employee 0142,37,Management,2021-12-24,
143,Employee 0143,12,Operations,2020-08-26,
144,Employee 0144,38,Customer Service,2022-01-09,
145,Employee 0145,38,Sales,2021-12-11,
146,Employee 0146,37,Operations,2024-04-25,
147,Employee 0147,13,Management,2024-01-30,
148,Employee 0148,20,Operations,2023-07-02,
149,Employee 0149,3,Sales,2018-08-19,
150,Employee 0150,15,Operations,2018-03-23,
151,Employee 0151,34,Management,2018-01-03,
152,Employee 0152,22,Operations,2019-06-19,
153,Employee 0153,22,Operations,2021-08-18,
154,Employee 0154,4,Sales,2019-08-29,
155,Employee 0155,38,Operations,2019-03-31,
156,Employee 0156,34,Customer Service,2018-10-25,
157,Employee 0157,24,Management,2024-07-28,
158,Employee 0158,7,Customer Service,2021-05-21,
159,Employee 0159,21,Operations,2019-10-08,
160,Employee 0160,47,Management,2023-06-19,
161,Employee 0161,42,Customer Service,2019-12-15,
162,Employee 0162,46,Customer Service,2020-07-03,
163,Employee 0163,43,Operations,2022-03-30,
164,Employee 0164,20,Customer Service,2019-06-06,
165,Employee 0165,12,Sales,2024-06-04,
166,Employee 0166,26,Sales,2020-01-16,
167,Employee 0167,39,Customer Service,2020-06-23,
168,Employee 0168,41,Sales,2023-07-26,
169,Employee 0169,10,Customer Service,2018-11-15,
170,Employee 0170,16,Customer Service,2021-08-01,
171,Employee 0171,11,Sales,2021-10-07,
172,Employee 0172,29,Sales,2020-12-22,
173,Employee 0173,14,Operations,2018-10-05,
174,Employee 0174,23,Customer Service,2019-03-19,
175,Employee 0175,47,Sales,2018-07-17,
176,Employee 0176,25,Management,2022-09-15,
177,Employee 0177,11,Management,2023-07-13,
178,Employee 0178,25,Customer Service,2024-02-15,
179,Employee 0179,25,Sales,2023-05-18,
180,Employee 0180,37,Operations,2019-10-29,
181,Employee 0181,29,Sales,2018-05-17,
182,Employee 0182,19,Sales,2021-07-29,
183,Employee 0183,17,Sales,2018-10-31,
184,Employee 0184,22,Operations,2022-03-18,
185,Employee 0185,11,Sales,2024-02-19,
186,Employee 0186,6,Customer Service,2024-08-30,
187,Employee 0187,40,Management,2018-05-07,
188,Employee 0188,28,Operations,2024-10-23,
189,Employee 0189,28,Operations,2018-08-08,
190,Employee 0190,7,Customer Service,2020-04-21,
191,Employee 0191,13,Management,2024-03-19,
192,Employee 0192,47,Customer Service,2021-02-27,
193,Employee 0193,20,Operations,2019-01-28,
194,Employee 0194,4,Management,2024-05-30,
195,Employee 0195,36,Management,2019-09-22,
196,Employee 0196,4,Customer Service,2018-01-16,
197,Employee 0197,28,Sales,2021-04-21,
198,Employee 0198,43,Management,2020-03-28,
199,Employee 0199,7,Sales,2020-04-27,
200,Employee 0200,11,Customer Service,2018-12-02,
201,Employee 0201,31,Sales,2021-06-17,
202,Employee 0202,26,Management,2023-06-27,
203,Employee 0203,43,Customer Service,2019-01-09,
204,Employee 0204,42,Management,2020-01-28,
205,Employee 0205,24,Management,2022-02-22,
206,Employee 0206,12,Management,2018-07-02,
207,Employee 0207,17,Management,2023-03-20,
208,Employee 0208,17,Operations,2021-01-05,
209,Employee 0209,37,Sales,2019-09-12,
210,Employee 0210,49,Sales,2018-12-18,
211,Employee 0211,43,Customer Service,2024-01-27,
212,Employee 0212,27,Operations,2024-03-17,
213,Employee 0213,4,Management,2023-11-11,
214,Employee 0214,27,Management,2024-06-03,
215,Employee 0215,16,Management,2021-05-09,
216,Employee 0216,6,Management,2018-05-23,
217,Employee 0217,33,Operations,2019-05-08,
218,Employee 0218,49,Management,2019-12-10,
219,Employee 0219,11,Operations,2020-02-29,
220,Employee 0220,9,Sales,2022-10-01,
221,Employee 0221,6,Management,2020-04-07,
222,Employee 0222,41,Operations,2024-09-03,
223,Employee 0223,17,Customer Service,2018-10-02,
224,Employee 0224,6,Management,2024-03-28,
225,Employee 0225,26,Customer Service,2021-02-05,
226,Employee 0226,34,Management,2018-02-20,
227,Employee 0227,45,Management,2019-04-06,
228,Employee 0228,27,Operations,2019-08-31,
229,Employee 0229,37,Sales,2019-03-09,
230,Employee 0230,37,Sales,2021-03-17,
231,Employee 0231,35,Customer Service,2022-08-11,
232,Employee 0232,17,Management,2023-06-12,
233,Employee 0233,37,Management,2018-06-03,
234,Employee 0234,12,Customer Service,2022-07-09,
235,Employee 0235,10,Management,2018-06-08,
236,Employee 0236,26,Customer Service,2020-08-31,
237,Employee 0237,4,Management,2021-01-05,
238,Employee 0238,24,Sales,2021-10-15,
239,Employee 0239,20,Customer Service,2021-02-22,
240,Employee 0240,32,Sales,2020-07-22,
241,Employee 0241,9,Customer Service,2022-12-20,
242,Employee 0242,50,Customer Service,2021-01-08,
243,Employee 0243,47,Management,2024-10-13,
244,Employee 0244,42,Sales,2020-02-09,
245,Employee 0245,29,Operations,2022-07-26,
246,Employee 0246,48,Management,2023-10-17,
247,Employee 0247,24,Sales,2023-10-12,
248,Employee 0248,11,Sales,2021-06-28,
249,Employee 0249,46,Management,2019-07-10,
250,Employee 0250,50,Sales,2019-12-13,
